"","country","year","medals","gdp_per_capita","o_rank","scaled_gdppc"
"1","United States",2016,121,58400,1,4.7664128471124
"2","China",2016,70,9050,2,3.9566485792052
"3","Russia",2016,56,9470,3,3.97634997900327
"4","France",2016,42,37700,4,4.57634135020579
"5","Germany",2016,42,42600,5,4.62940959910272
"6","Japan",2016,41,35900,6,4.55509444857832
